{
	"api_key": "TN9YI0LXPW61CYSD",
	"field1": 25.49,
	"field2": 0.01738507997,
	"field3": 2.921821242e-05
}
